train_acc,train_loss,val_acc,val_loss
0.04543157894736843,4.2098393,0.0616,4.0807357
0.08284210526315791,3.897754,0.0932,3.8262162
